DATAFLOW,REF_AREA:Geographic area,CountryName,INDICATOR:Indicator,SEX:Sex,TIME_PERIOD:Time period,Deaths,OBS_VALUE:Observation Value,UNIT_MULTIPLIER:Unit multiplier,UNIT_MEASURE:Unit of measure,OBS_STATUS:Observation Status,OBS_CONF:Observation confidentaility,LOWER_BOUND:Lower Bound,UPPER_BOUND:Upper Bound,WGTD_SAMPL_SIZE:Weighted Sample Size,OBS_FOOTNOTE:Observation footnote,SERIES_FOOTNOTE:Series footnote,DATA_SOURCE:Data Source,SOURCE_LINK:Citation of or link to the data source,CUSTODIAN:Custodian,TIME_PERIOD_METHOD:Time period activity related to when the data are collected,REF_PERIOD:Reference Period,COVERAGE_TIME:The period of time for which data are provided,AGE:Current age
UNICEF:GLOBAL_DATAFLOW(1.0): Cross-sector indicators,AFG: Afghanistan,Afghanistan,CME_MRY0T4: Under-five mortality rate,_T: Total,2020,57.975,57.97538446,,"D_PER_1000_B: Deaths per 1,000 live births",A: Normal value,,44.17673412,74.15637848,,,,UN_IGME,,,,,,_T: Total
UNICEF:GLOBAL_DATAFLOW(1.0): Cross-sector indicators,ALB: Albania,Albania,CME_MRY0T4: Under-five mortality rate,_T: Total,2020,9.843,9.843317701,,"D_PER_1000_B: Deaths per 1,000 live births",A: Normal value,,9.015159292,10.74107939,,,,UN_IGME,,,,,,_T: Total
UNICEF:GLOBAL_DATAFLOW(1.0): Cross-sector indicators,DZA: Algeria,Algeria,CME_MRY0T4: Under-five mortality rate,_T: Total,2020,22.683,22.68297411,,"D_PER_1000_B: Deaths per 1,000 live births",A: Normal value,,21.53285389,23.91256821,,,,UN_IGME,,,,,,_T: Total
UNICEF:GLOBAL_DATAFLOW(1.0): Cross-sector indicators,AND: Andorra,Andorra,CME_MRY0T4: Under-five mortality rate,_T: Total,2020,2.532,2.532198096,,"D_PER_1000_B: Deaths per 1,000 live births",A: Normal value,,1.511975387,4.224617687,,,,UN_IGME,,,,,,_T: Total
UNICEF:GLOBAL_DATAFLOW(1.0): Cross-sector indicators,AGO: Angola,Angola,CME_MRY0T4: Under-five mortality rate,_T: Total,2020,71.471,71.47146619,,"D_PER_1000_B: Deaths per 1,000 live births",A: Normal value,,31.38173087,141.2404384,,,,UN_IGME,,,,,,_T: Total
UNICEF:GLOBAL_DATAFLOW(1.0): Cross-sector indicators,ATG: Antigua and Barbuda,Antigua and Barbuda,CME_MRY0T4: Under-five mortality rate,_T: Total,2020,6.392,6.392133426,,"D_PER_1000_B: Deaths per 1,000 live births",A: Normal value,,4.282887412,9.467103602,,,,UN_IGME,,,,,,_T: Total
UNICEF:GLOBAL_DATAFLOW(1.0): Cross-sector indicators,ARG: Argentina,Argentina,CME_MRY0T4: Under-five mortality rate,_T: Total,2020,8.557,8.557046956,,"D_PER_1000_B: Deaths per 1,000 live births",A: Normal value,,8.128648648,9.000325946,,,,UN_IGME,,,,,,_T: Total
UNICEF:GLOBAL_DATAFLOW(1.0): Cross-sector indicators,ARM: Armenia,Armenia,CME_MRY0T4: Under-five mortality rate,_T: Total,2020,10.941,10.94147614,,"D_PER_1000_B: Deaths per 1,000 live births",A: Normal value,,8.164794746,13.78736915,,,,UN_IGME,,,,,,_T: Total
UNICEF:GLOBAL_DATAFLOW(1.0): Cross-sector indicators,AUS: Australia,Australia,CME_MRY0T4: Under-five mortality rate,_T: Total,2020,3.696,3.696413926,,"D_PER_1000_B: Deaths per 1,000 live births",A: Normal value,,3.560024051,3.840659563,,,,UN_IGME,,,,,,_T: Total
UNICEF:GLOBAL_DATAFLOW(1.0): Cross-sector indicators,AUT: Austria,Austria,CME_MRY0T4: Under-five mortality rate,_T: Total,2020,3.622,3.621856103,,"D_PER_1000_B: Deaths per 1,000 live births",A: Normal value,,3.373132535,3.891273773,,,,UN_IGME,,,,,,_T: Total
UNICEF:GLOBAL_DATAFLOW(1.0): Cross-sector indicators,AZE: Azerbaijan,Azerbaijan,CME_MRY0T4: Under-five mortality rate,_T: Total,2020,19.388,19.38822818,,"D_PER_1000_B: Deaths per 1,000 live births",A: Normal value,,11.84095253,31.70762887,,,,UN_IGME,,,,,,_T: Total
UNICEF:GLOBAL_DATAFLOW(1.0): Cross-sector indicators,BHS: Bahamas,Bahamas,CME_MRY0T4: Under-five mortality rate,_T: Total,2020,12.258,12.25792631,,"D_PER_1000_B: Deaths per 1,000 live births",A: Normal value,,9.139974918,16.34653036,,,,UN_IGME,,,,,,_T: Total
UNICEF:GLOBAL_DATAFLOW(1.0): Cross-sector indicators,BHR: Bahrain,Bahrain,CME_MRY0T4: Under-five mortality rate,_T: Total,2020,6.757,6.757362163,,"D_PER_1000_B: Deaths per 1,000 live births",A: Normal value,,5.081873288,9.019796338,,,,UN_IGME,,,,,,_T: Total
UNICEF:GLOBAL_DATAFLOW(1.0): Cross-sector indicators,BGD: Bangladesh,Bangladesh,CME_MRY0T4: Under-five mortality rate,_T: Total,2020,29.105,29.10458722,,"D_PER_1000_B: Deaths per 1,000 live births",A: Normal value,,26.35824032,32.11977279,,,,UN_IGME,,,,,,_T: Total
UNICEF:GLOBAL_DATAFLOW(1.0): Cross-sector indicators,BRB: Barbados,Barbados,CME_MRY0T4: Under-five mortality rate,_T: Total,2020,12.248,12.24779559,,"D_PER_1000_B: Deaths per 1,000 live births",A: Normal value,,8.319045757,18.21540464,,,,UN_IGME,,,,,,_T: Total
UNICEF:GLOBAL_DATAFLOW(1.0): Cross-sector indicators,BLR: Belarus,Belarus,CME_MRY0T4: Under-five mortality rate,_T: Total,2020,2.909,2.908893523,,"D_PER_1000_B: Deaths per 1,000 live births",A: Normal value,,2.604033459,3.220191609,,The UN IGME estimates are not necessarily the official statistics of the National Statistical Committee of the Republic of Belarus.,,UN_IGME,,,,,,_T: Total
UNICEF:GLOBAL_DATAFLOW(1.0): Cross-sector indicators,BEL: Belgium,Belgium,CME_MRY0T4: Under-five mortality rate,_T: Total,2020,4.235,4.234940007,,"D_PER_1000_B: Deaths per 1,000 live births",A: Normal value,,3.779749736,4.797690067,,,,UN_IGME,,,,,,_T: Total
UNICEF:GLOBAL_DATAFLOW(1.0): Cross-sector indicators,BLZ: Belize,Belize,CME_MRY0T4: Under-five mortality rate,_T: Total,2020,11.663,11.66310562,,"D_PER_1000_B: Deaths per 1,000 live births",A: Normal value,,9.831350749,13.96931456,,,,UN_IGME,,,,,,_T: Total
UNICEF:GLOBAL_DATAFLOW(1.0): Cross-sector indicators,BEN: Benin,Benin,CME_MRY0T4: Under-five mortality rate,_T: Total,2020,85.939,85.9385453,,"D_PER_1000_B: Deaths per 1,000 live births",A: Normal value,,71.90542301,102.4169273,,,,UN_IGME,,,,,,_T: Total
UNICEF:GLOBAL_DATAFLOW(1.0): Cross-sector indicators,BTN: Bhutan,Bhutan,CME_MRY0T4: Under-five mortality rate,_T: Total,2020,27.624,27.62421285,,"D_PER_1000_B: Deaths per 1,000 live births",A: Normal value,,16.76075205,44.31850303,,,,UN_IGME,,,,,,_T: Total
UNICEF:GLOBAL_DATAFLOW(1.0): Cross-sector indicators,BOL: Bolivia (Plurinational State of),Bolivia (Plurinational State of),CME_MRY0T4: Under-five mortality rate,_T: Total,2020,25.369,25.36865974,,"D_PER_1000_B: Deaths per 1,000 live births",A: Normal value,,18.20030376,35.0871088,,,,UN_IGME,,,,,,_T: Total
UNICEF:GLOBAL_DATAFLOW(1.0): Cross-sector indicators,BIH: Bosnia and Herzegovina,Bosnia and Herzegovina,CME_MRY0T4: Under-five mortality rate,_T: Total,2020,5.729,5.729446739,,"D_PER_1000_B: Deaths per 1,000 live births",A: Normal value,,4.644023193,7.055124581,,,,UN_IGME,,,,,,_T: Total
UNICEF:GLOBAL_DATAFLOW(1.0): Cross-sector indicators,BWA: Botswana,Botswana,CME_MRY0T4: Under-five mortality rate,_T: Total,2020,44.844,44.84441331,,"D_PER_1000_B: Deaths per 1,000 live births",A: Normal value,,24.90075172,89.33646164,,,,UN_IGME,,,,,,_T: Total
UNICEF:GLOBAL_DATAFLOW(1.0): Cross-sector indicators,BRA: Brazil,Brazil,CME_MRY0T4: Under-five mortality rate,_T: Total,2020,14.696,14.69580558,,"D_PER_1000_B: Deaths per 1,000 live births",A: Normal value,,12.91548506,16.69280983,,,,UN_IGME,,,,,,_T: Total
UNICEF:GLOBAL_DATAFLOW(1.0): Cross-sector indicators,BRN: Brunei Darussalam,Brunei Darussalam,CME_MRY0T4: Under-five mortality rate,_T: Total,2020,11.511,11.51112959,,"D_PER_1000_B: Deaths per 1,000 live births",A: Normal value,,9.934853982,13.352549,,,,UN_IGME,,,,,,_T: Total
UNICEF:GLOBAL_DATAFLOW(1.0): Cross-sector indicators,BGR: Bulgaria,Bulgaria,CME_MRY0T4: Under-five mortality rate,_T: Total,2020,6.147,6.147107217,,"D_PER_1000_B: Deaths per 1,000 live births",A: Normal value,,5.741776453,6.581746267,,,,UN_IGME,,,,,,_T: Total
UNICEF:GLOBAL_DATAFLOW(1.0): Cross-sector indicators,BFA: Burkina Faso,Burkina Faso,CME_MRY0T4: Under-five mortality rate,_T: Total,2020,84.991,84.99145607,,"D_PER_1000_B: Deaths per 1,000 live births",A: Normal value,,59.54006517,122.8481248,,,,UN_IGME,,,,,,_T: Total
UNICEF:GLOBAL_DATAFLOW(1.0): Cross-sector indicators,BDI: Burundi,Burundi,CME_MRY0T4: Under-five mortality rate,_T: Total,2020,54.353,54.35326421,,"D_PER_1000_B: Deaths per 1,000 live births",A: Normal value,,34.49036089,85.30807644,,,,UN_IGME,,,,,,_T: Total
UNICEF:GLOBAL_DATAFLOW(1.0): Cross-sector indicators,CPV: Cabo Verde,Cabo Verde,CME_MRY0T4: Under-five mortality rate,_T: Total,2020,14.186,14.18585141,,"D_PER_1000_B: Deaths per 1,000 live births",A: Normal value,,11.30212405,17.68008931,,,,UN_IGME,,,,,,_T: Total
UNICEF:GLOBAL_DATAFLOW(1.0): Cross-sector indicators,KHM: Cambodia,Cambodia,CME_MRY0T4: Under-five mortality rate,_T: Total,2020,25.678,25.67758726,,"D_PER_1000_B: Deaths per 1,000 live births",A: Normal value,,12.92889535,50.61998177,,,,UN_IGME,,,,,,_T: Total
UNICEF:GLOBAL_DATAFLOW(1.0): Cross-sector indicators,CMR: Cameroon,Cameroon,CME_MRY0T4: Under-five mortality rate,_T: Total,2020,72.208,72.20795599,,"D_PER_1000_B: Deaths per 1,000 live births",A: Normal value,,57.69300937,89.6756488,,,,UN_IGME,,,,,,_T: Total
UNICEF:GLOBAL_DATAFLOW(1.0): Cross-sector indicators,CAN: Canada,Canada,CME_MRY0T4: Under-five mortality rate,_T: Total,2020,4.993,4.993457294,,"D_PER_1000_B: Deaths per 1,000 live births",A: Normal value,,4.782117907,5.213908517,,,,UN_IGME,,,,,,_T: Total
UNICEF:GLOBAL_DATAFLOW(1.0): Cross-sector indicators,CAF: Central African Republic,Central African Republic,CME_MRY0T4: Under-five mortality rate,_T: Total,2020,102.997,102.9966637,,"D_PER_1000_B: Deaths per 1,000 live births",A: Normal value,,57.59995954,188.8855824,,,,UN_IGME,,,,,,_T: Total
UNICEF:GLOBAL_DATAFLOW(1.0): Cross-sector indicators,TCD: Chad,Chad,CME_MRY0T4: Under-five mortality rate,_T: Total,2020,110.047,110.0470366,,"D_PER_1000_B: Deaths per 1,000 live births",A: Normal value,,80.06157897,149.2966999,,,,UN_IGME,,,,,,_T: Total
UNICEF:GLOBAL_DATAFLOW(1.0): Cross-sector indicators,CHL: Chile,Chile,CME_MRY0T4: Under-five mortality rate,_T: Total,2020,6.752,6.751627809,,"D_PER_1000_B: Deaths per 1,000 live births",A: Normal value,,4.835933377,9.34283392,,,,UN_IGME,,,,,,_T: Total
UNICEF:GLOBAL_DATAFLOW(1.0): Cross-sector indicators,CHN: China,China,CME_MRY0T4: Under-five mortality rate,_T: Total,2020,7.342,7.342183436,,"D_PER_1000_B: Deaths per 1,000 live births",A: Normal value,,6.631563533,8.135466342,,,,UN_IGME,,,,,,_T: Total
UNICEF:GLOBAL_DATAFLOW(1.0): Cross-sector indicators,COL: Colombia,Colombia,CME_MRY0T4: Under-five mortality rate,_T: Total,2020,13.187,13.18651832,,"D_PER_1000_B: Deaths per 1,000 live births",A: Normal value,,8.944111745,19.4667394,,,,UN_IGME,,,,,,_T: Total
UNICEF:GLOBAL_DATAFLOW(1.0): Cross-sector indicators,COM: Comoros,Comoros,CME_MRY0T4: Under-five mortality rate,_T: Total,2020,61.338,61.33843254,,"D_PER_1000_B: Deaths per 1,000 live births",A: Normal value,,28.22343191,138.5893931,,,,UN_IGME,,,,,,_T: Total
UNICEF:GLOBAL_DATAFLOW(1.0): Cross-sector indicators,COG: Congo,Congo,CME_MRY0T4: Under-five mortality rate,_T: Total,2020,44.634,44.63430003,,"D_PER_1000_B: Deaths per 1,000 live births",A: Normal value,,25.44370544,78.19565388,,,,UN_IGME,,,,,,_T: Total
UNICEF:GLOBAL_DATAFLOW(1.0): Cross-sector indicators,COK: Cook Islands,Cook Islands,CME_MRY0T4: Under-five mortality rate,_T: Total,2020,7.393,7.392798924,,"D_PER_1000_B: Deaths per 1,000 live births",A: Normal value,,4.168185303,13.29608649,,,,UN_IGME,,,,,,_T: Total
UNICEF:GLOBAL_DATAFLOW(1.0): Cross-sector indicators,CRI: Costa Rica,Costa Rica,CME_MRY0T4: Under-five mortality rate,_T: Total,2020,7.912,7.912179742,,"D_PER_1000_B: Deaths per 1,000 live births",A: Normal value,,7.523096381,8.333895844,,,,UN_IGME,,,,,,_T: Total
UNICEF:GLOBAL_DATAFLOW(1.0): Cross-sector indicators,HRV: Croatia,Croatia,CME_MRY0T4: Under-five mortality rate,_T: Total,2020,4.551,4.550929659,,"D_PER_1000_B: Deaths per 1,000 live births",A: Normal value,,4.121470802,5.047025724,,,,UN_IGME,,,,,,_T: Total
UNICEF:GLOBAL_DATAFLOW(1.0): Cross-sector indicators,CUB: Cuba,Cuba,CME_MRY0T4: Under-five mortality rate,_T: Total,2020,5.106,5.106273596,,"D_PER_1000_B: Deaths per 1,000 live births",A: Normal value,,4.259457727,6.295018285,,,,UN_IGME,,,,,,_T: Total
UNICEF:GLOBAL_DATAFLOW(1.0): Cross-sector indicators,CYP: Cyprus,Cyprus,CME_MRY0T4: Under-five mortality rate,_T: Total,2020,2.771,2.770951308,,"D_PER_1000_B: Deaths per 1,000 live births",A: Normal value,,2.059526865,3.921655375,,,,UN_IGME,,,,,,_T: Total
UNICEF:GLOBAL_DATAFLOW(1.0): Cross-sector indicators,CZE: Czechia,Czechia,CME_MRY0T4: Under-five mortality rate,_T: Total,2020,2.920,2.920043032,,"D_PER_1000_B: Deaths per 1,000 live births",A: Normal value,,2.709031167,3.141515837,,,,UN_IGME,,,,,,_T: Total
UNICEF:GLOBAL_DATAFLOW(1.0): Cross-sector indicators,CIV: C??te d'Ivoire,C??te d'Ivoire,CME_MRY0T4: Under-five mortality rate,_T: Total,2020,77.913,77.91287363,,"D_PER_1000_B: Deaths per 1,000 live births",A: Normal value,,59.8544491,99.92805357,,,,UN_IGME,,,,,,_T: Total
UNICEF:GLOBAL_DATAFLOW(1.0): Cross-sector indicators,PRK: Democratic People's Republic of Korea,Democratic People's Republic of Korea,CME_MRY0T4: Under-five mortality rate,_T: Total,2020,16.500,16.5,,"D_PER_1000_B: Deaths per 1,000 live births",A: Normal value,,12.9,21.2,,,,UN_IGME,,,,,,_T: Total
UNICEF:GLOBAL_DATAFLOW(1.0): Cross-sector indicators,COD: Democratic Republic of the Congo,Democratic Republic of the Congo,CME_MRY0T4: Under-five mortality rate,_T: Total,2020,81.180,81.1795626,,"D_PER_1000_B: Deaths per 1,000 live births",A: Normal value,,50.41182515,130.7781545,,,,UN_IGME,,,,,,_T: Total
UNICEF:GLOBAL_DATAFLOW(1.0): Cross-sector indicators,DNK: Denmark,Denmark,CME_MRY0T4: Under-five mortality rate,_T: Total,2020,3.615,3.614767707,,"D_PER_1000_B: Deaths per 1,000 live births",A: Normal value,,3.208920421,4.031583677,,,,UN_IGME,,,,,,_T: Total
UNICEF:GLOBAL_DATAFLOW(1.0): Cross-sector indicators,DJI: Djibouti,Djibouti,CME_MRY0T4: Under-five mortality rate,_T: Total,2020,55.878,55.8780695,,"D_PER_1000_B: Deaths per 1,000 live births",A: Normal value,,32.06386778,95.52488407,,,,UN_IGME,,,,,,_T: Total
UNICEF:GLOBAL_DATAFLOW(1.0): Cross-sector indicators,DMA: Dominica,Dominica,CME_MRY0T4: Under-five mortality rate,_T: Total,2020,35.447,35.44687493,,"D_PER_1000_B: Deaths per 1,000 live births",A: Normal value,,30.39257602,41.43114266,,,,UN_IGME,,,,,,_T: Total
UNICEF:GLOBAL_DATAFLOW(1.0): Cross-sector indicators,DOM: Dominican Republic,Dominican Republic,CME_MRY0T4: Under-five mortality rate,_T: Total,2020,33.760,33.76022428,,"D_PER_1000_B: Deaths per 1,000 live births",A: Normal value,,25.71702251,44.22780719,,,,UN_IGME,,,,,,_T: Total
UNICEF:GLOBAL_DATAFLOW(1.0): Cross-sector indicators,ECU: Ecuador,Ecuador,CME_MRY0T4: Under-five mortality rate,_T: Total,2020,12.953,12.95289318,,"D_PER_1000_B: Deaths per 1,000 live births",A: Normal value,,11.77104451,14.20714399,,,,UN_IGME,,,,,,_T: Total
UNICEF:GLOBAL_DATAFLOW(1.0): Cross-sector indicators,EGY: Egypt,Egypt,CME_MRY0T4: Under-five mortality rate,_T: Total,2020,19.456,19.45574835,,"D_PER_1000_B: Deaths per 1,000 live births",A: Normal value,,13.14425659,28.98438962,,,,UN_IGME,,,,,,_T: Total
UNICEF:GLOBAL_DATAFLOW(1.0): Cross-sector indicators,SLV: El Salvador,El Salvador,CME_MRY0T4: Under-five mortality rate,_T: Total,2020,12.875,12.87547009,,"D_PER_1000_B: Deaths per 1,000 live births",A: Normal value,,8.001992705,21.3615807,,,,UN_IGME,,,,,,_T: Total
UNICEF:GLOBAL_DATAFLOW(1.0): Cross-sector indicators,GNQ: Equatorial Guinea,Equatorial Guinea,CME_MRY0T4: Under-five mortality rate,_T: Total,2020,78.490,78.49049534,,"D_PER_1000_B: Deaths per 1,000 live births",A: Normal value,,44.95394414,136.0468714,,,,UN_IGME,,,,,,_T: Total
UNICEF:GLOBAL_DATAFLOW(1.0): Cross-sector indicators,ERI: Eritrea,Eritrea,CME_MRY0T4: Under-five mortality rate,_T: Total,2020,39.267,39.26651094,,"D_PER_1000_B: Deaths per 1,000 live births",A: Normal value,,22.42258065,69.15915732,,,,UN_IGME,,,,,,_T: Total
UNICEF:GLOBAL_DATAFLOW(1.0): Cross-sector indicators,EST: Estonia,Estonia,CME_MRY0T4: Under-five mortality rate,_T: Total,2020,2.114,2.113504205,,"D_PER_1000_B: Deaths per 1,000 live births",A: Normal value,,1.783054083,2.507566173,,,,UN_IGME,,,,,,_T: Total
UNICEF:GLOBAL_DATAFLOW(1.0): Cross-sector indicators,SWZ: Eswatini,Eswatini,CME_MRY0T4: Under-five mortality rate,_T: Total,2020,46.645,46.64455504,,"D_PER_1000_B: Deaths per 1,000 live births",A: Normal value,,29.13943561,74.99086886,,,,UN_IGME,,,,,,_T: Total
UNICEF:GLOBAL_DATAFLOW(1.0): Cross-sector indicators,ETH: Ethiopia,Ethiopia,CME_MRY0T4: Under-five mortality rate,_T: Total,2020,48.708,48.70834345,,"D_PER_1000_B: Deaths per 1,000 live births",A: Normal value,,38.72138731,60.49370264,,,,UN_IGME,,,,,,_T: Total
UNICEF:GLOBAL_DATAFLOW(1.0): Cross-sector indicators,FJI: Fiji,Fiji,CME_MRY0T4: Under-five mortality rate,_T: Total,2020,27.431,27.43122013,,"D_PER_1000_B: Deaths per 1,000 live births",A: Normal value,,25.22154978,29.74938662,,,,UN_IGME,,,,,,_T: Total
UNICEF:GLOBAL_DATAFLOW(1.0): Cross-sector indicators,FIN: Finland,Finland,CME_MRY0T4: Under-five mortality rate,_T: Total,2020,2.311,2.310581294,,"D_PER_1000_B: Deaths per 1,000 live births",A: Normal value,,2.093035118,2.557783623,,,,UN_IGME,,,,,,_T: Total
UNICEF:GLOBAL_DATAFLOW(1.0): Cross-sector indicators,FRA: France,France,CME_MRY0T4: Under-five mortality rate,_T: Total,2020,4.367,4.367337087,,"D_PER_1000_B: Deaths per 1,000 live births",A: Normal value,,4.138050799,4.604842776,,,,UN_IGME,,,,,,_T: Total
UNICEF:GLOBAL_DATAFLOW(1.0): Cross-sector indicators,GAB: Gabon,Gabon,CME_MRY0T4: Under-five mortality rate,_T: Total,2020,41.734,41.73405026,,"D_PER_1000_B: Deaths per 1,000 live births",A: Normal value,,25.65913191,67.69366964,,,,UN_IGME,,,,,,_T: Total
UNICEF:GLOBAL_DATAFLOW(1.0): Cross-sector indicators,GMB: Gambia,Gambia,CME_MRY0T4: Under-five mortality rate,_T: Total,2020,49.368,49.36763233,,"D_PER_1000_B: Deaths per 1,000 live births",A: Normal value,,39.28509645,61.85083598,,,,UN_IGME,,,,,,_T: Total
UNICEF:GLOBAL_DATAFLOW(1.0): Cross-sector indicators,GEO: Georgia,Georgia,CME_MRY0T4: Under-five mortality rate,_T: Total,2020,9.257,9.257475304,,"D_PER_1000_B: Deaths per 1,000 live births",A: Normal value,,7.990873818,10.79150309,,,,UN_IGME,,,,,,_T: Total
UNICEF:GLOBAL_DATAFLOW(1.0): Cross-sector indicators,DEU: Germany,Germany,CME_MRY0T4: Under-five mortality rate,_T: Total,2020,3.652,3.65243233,,"D_PER_1000_B: Deaths per 1,000 live births",A: Normal value,,3.539935915,3.765894883,,,,UN_IGME,,,,,,_T: Total
UNICEF:GLOBAL_DATAFLOW(1.0): Cross-sector indicators,GHA: Ghana,Ghana,CME_MRY0T4: Under-five mortality rate,_T: Total,2020,44.706,44.70601974,,"D_PER_1000_B: Deaths per 1,000 live births",A: Normal value,,34.62915877,57.75432177,,,,UN_IGME,,,,,,_T: Total
UNICEF:GLOBAL_DATAFLOW(1.0): Cross-sector indicators,GRC: Greece,Greece,CME_MRY0T4: Under-five mortality rate,_T: Total,2020,4.072,4.072194536,,"D_PER_1000_B: Deaths per 1,000 live births",A: Normal value,,3.645071886,4.552397261,,,,UN_IGME,,,,,,_T: Total
UNICEF:GLOBAL_DATAFLOW(1.0): Cross-sector indicators,GRD: Grenada,Grenada,CME_MRY0T4: Under-five mortality rate,_T: Total,2020,16.351,16.35082327,,"D_PER_1000_B: Deaths per 1,000 live births",A: Normal value,,12.89110145,20.71532278,,,,UN_IGME,,,,,,_T: Total
UNICEF:GLOBAL_DATAFLOW(1.0): Cross-sector indicators,GTM: Guatemala,Guatemala,CME_MRY0T4: Under-five mortality rate,_T: Total,2020,23.646,23.64571347,,"D_PER_1000_B: Deaths per 1,000 live births",A: Normal value,,17.48403793,31.96186374,,,,UN_IGME,,,,,,_T: Total
UNICEF:GLOBAL_DATAFLOW(1.0): Cross-sector indicators,GIN: Guinea,Guinea,CME_MRY0T4: Under-five mortality rate,_T: Total,2020,95.556,95.55596447,,"D_PER_1000_B: Deaths per 1,000 live births",A: Normal value,,78.65695419,117.3014353,,,,UN_IGME,,,,,,_T: Total
UNICEF:GLOBAL_DATAFLOW(1.0): Cross-sector indicators,GNB: Guinea-Bissau,Guinea-Bissau,CME_MRY0T4: Under-five mortality rate,_T: Total,2020,76.839,76.8391619,,"D_PER_1000_B: Deaths per 1,000 live births",A: Normal value,,46.75902495,122.7283647,,,,UN_IGME,,,,,,_T: Total
UNICEF:GLOBAL_DATAFLOW(1.0): Cross-sector indicators,GUY: Guyana,Guyana,CME_MRY0T4: Under-five mortality rate,_T: Total,2020,28.404,28.40435113,,"D_PER_1000_B: Deaths per 1,000 live births",A: Normal value,,17.17323448,47.752603,,,,UN_IGME,,,,,,_T: Total
UNICEF:GLOBAL_DATAFLOW(1.0): Cross-sector indicators,HTI: Haiti,Haiti,CME_MRY0T4: Under-five mortality rate,_T: Total,2020,60.481,60.48084532,,"D_PER_1000_B: Deaths per 1,000 live births",A: Normal value,,44.01812058,84.57349292,,,,UN_IGME,,,,,,_T: Total
UNICEF:GLOBAL_DATAFLOW(1.0): Cross-sector indicators,HND: Honduras,Honduras,CME_MRY0T4: Under-five mortality rate,_T: Total,2020,16.216,16.21572114,,"D_PER_1000_B: Deaths per 1,000 live births",A: Normal value,,10.20293367,25.71425066,,,,UN_IGME,,,,,,_T: Total
UNICEF:GLOBAL_DATAFLOW(1.0): Cross-sector indicators,HUN: Hungary,Hungary,CME_MRY0T4: Under-five mortality rate,_T: Total,2020,4.047,4.047442607,,"D_PER_1000_B: Deaths per 1,000 live births",A: Normal value,,3.76399345,4.340599325,,,,UN_IGME,,,,,,_T: Total
UNICEF:GLOBAL_DATAFLOW(1.0): Cross-sector indicators,ISL: Iceland,Iceland,CME_MRY0T4: Under-five mortality rate,_T: Total,2020,1.934,1.934341106,,"D_PER_1000_B: Deaths per 1,000 live births",A: Normal value,,1.45673315,2.569352245,,,,UN_IGME,,,,,,_T: Total
UNICEF:GLOBAL_DATAFLOW(1.0): Cross-sector indicators,IND: India,India,CME_MRY0T4: Under-five mortality rate,_T: Total,2020,32.632,32.63173417,,"D_PER_1000_B: Deaths per 1,000 live births",A: Normal value,,28.66045321,36.75061001,,"The most recent national official estimate of under-five mortality rate in India are from the India Sample Registration System with a rate of  36 deaths per 1,000 live births, respectively, in the year 2018.",,UN_IGME,,,,,,_T: Total
UNICEF:GLOBAL_DATAFLOW(1.0): Cross-sector indicators,IDN: Indonesia,Indonesia,CME_MRY0T4: Under-five mortality rate,_T: Total,2020,23.005,23.00452939,,"D_PER_1000_B: Deaths per 1,000 live births",A: Normal value,,18.64802464,28.34645984,,,,UN_IGME,,,,,,_T: Total
UNICEF:GLOBAL_DATAFLOW(1.0): Cross-sector indicators,IRN: Iran (Islamic Republic of),Iran (Islamic Republic of),CME_MRY0T4: Under-five mortality rate,_T: Total,2020,12.943,12.94250644,,"D_PER_1000_B: Deaths per 1,000 live births",A: Normal value,,7.637820363,22.22431942,,,,UN_IGME,,,,,,_T: Total
UNICEF:GLOBAL_DATAFLOW(1.0): Cross-sector indicators,IRQ: Iraq,Iraq,CME_MRY0T4: Under-five mortality rate,_T: Total,2020,25.238,25.23793172,,"D_PER_1000_B: Deaths per 1,000 live births",A: Normal value,,19.15603652,33.25254752,,,,UN_IGME,,,,,,_T: Total
UNICEF:GLOBAL_DATAFLOW(1.0): Cross-sector indicators,IRL: Ireland,Ireland,CME_MRY0T4: Under-five mortality rate,_T: Total,2020,3.024,3.023765903,,"D_PER_1000_B: Deaths per 1,000 live births",A: Normal value,,2.561757441,3.540870573,,,,UN_IGME,,,,,,_T: Total
UNICEF:GLOBAL_DATAFLOW(1.0): Cross-sector indicators,ISR: Israel,Israel,CME_MRY0T4: Under-five mortality rate,_T: Total,2020,3.581,3.581089093,,"D_PER_1000_B: Deaths per 1,000 live births",A: Normal value,,3.323380633,3.851931514,,,,UN_IGME,,,,,,_T: Total
UNICEF:GLOBAL_DATAFLOW(1.0): Cross-sector indicators,ITA: Italy,Italy,CME_MRY0T4: Under-five mortality rate,_T: Total,2020,2.908,2.908390864,,"D_PER_1000_B: Deaths per 1,000 live births",A: Normal value,,2.742418713,3.072386919,,,,UN_IGME,,,,,,_T: Total
UNICEF:GLOBAL_DATAFLOW(1.0): Cross-sector indicators,JAM: Jamaica,Jamaica,CME_MRY0T4: Under-five mortality rate,_T: Total,2020,13.280,13.280228,,"D_PER_1000_B: Deaths per 1,000 live births",A: Normal value,,7.185374013,24.74300843,,,,UN_IGME,,,,,,_T: Total
UNICEF:GLOBAL_DATAFLOW(1.0): Cross-sector indicators,JPN: Japan,Japan,CME_MRY0T4: Under-five mortality rate,_T: Total,2020,2.490,2.489958376,,"D_PER_1000_B: Deaths per 1,000 live births",A: Normal value,,2.371832252,2.619630937,,,,UN_IGME,,,,,,_T: Total
UNICEF:GLOBAL_DATAFLOW(1.0): Cross-sector indicators,JOR: Jordan,Jordan,CME_MRY0T4: Under-five mortality rate,_T: Total,2020,15.017,15.0165186,,"D_PER_1000_B: Deaths per 1,000 live births",A: Normal value,,10.89154404,20.6857234,,,,UN_IGME,,,,,,_T: Total
UNICEF:GLOBAL_DATAFLOW(1.0): Cross-sector indicators,KAZ: Kazakhstan,Kazakhstan,CME_MRY0T4: Under-five mortality rate,_T: Total,2020,10.019,10.01937291,,"D_PER_1000_B: Deaths per 1,000 live births",A: Normal value,,9.676583895,10.36978827,,,,UN_IGME,,,,,,_T: Total
UNICEF:GLOBAL_DATAFLOW(1.0): Cross-sector indicators,KEN: Kenya,Kenya,CME_MRY0T4: Under-five mortality rate,_T: Total,2020,41.874,41.87395862,,"D_PER_1000_B: Deaths per 1,000 live births",A: Normal value,,29.68939844,59.94756655,,,,UN_IGME,,,,,,_T: Total
UNICEF:GLOBAL_DATAFLOW(1.0): Cross-sector indicators,KIR: Kiribati,Kiribati,CME_MRY0T4: Under-five mortality rate,_T: Total,2020,49.591,49.59135951,,"D_PER_1000_B: Deaths per 1,000 live births",A: Normal value,,27.56231279,90.18375852,,,,UN_IGME,,,,,,_T: Total
UNICEF:GLOBAL_DATAFLOW(1.0): Cross-sector indicators,KWT: Kuwait,Kuwait,CME_MRY0T4: Under-five mortality rate,_T: Total,2020,8.856,8.856417771,,"D_PER_1000_B: Deaths per 1,000 live births",A: Normal value,,8.226597425,9.526659739,,,,UN_IGME,,,,,,_T: Total
UNICEF:GLOBAL_DATAFLOW(1.0): Cross-sector indicators,KGZ: Kyrgyzstan,Kyrgyzstan,CME_MRY0T4: Under-five mortality rate,_T: Total,2020,17.533,17.5332598,,"D_PER_1000_B: Deaths per 1,000 live births",A: Normal value,,16.35951911,19.12983851,,,,UN_IGME,,,,,,_T: Total
UNICEF:GLOBAL_DATAFLOW(1.0): Cross-sector indicators,LAO: Lao People's Democratic Republic,Lao People's Democratic Republic,CME_MRY0T4: Under-five mortality rate,_T: Total,2020,44.077,44.07658485,,"D_PER_1000_B: Deaths per 1,000 live births",A: Normal value,,31.47278185,60.07950709,,,,UN_IGME,,,,,,_T: Total
UNICEF:GLOBAL_DATAFLOW(1.0): Cross-sector indicators,LVA: Latvia,Latvia,CME_MRY0T4: Under-five mortality rate,_T: Total,2020,4.003,4.002996633,,"D_PER_1000_B: Deaths per 1,000 live births",A: Normal value,,3.475654317,4.62767432,,,,UN_IGME,,,,,,_T: Total
UNICEF:GLOBAL_DATAFLOW(1.0): Cross-sector indicators,LBN: Lebanon,Lebanon,CME_MRY0T4: Under-five mortality rate,_T: Total,2020,6.984,6.984167387,,"D_PER_1000_B: Deaths per 1,000 live births",A: Normal value,,3.23874866,13.99365855,,,,UN_IGME,,,,,,_T: Total
UNICEF:GLOBAL_DATAFLOW(1.0): Cross-sector indicators,LSO: Lesotho,Lesotho,CME_MRY0T4: Under-five mortality rate,_T: Total,2020,89.520,89.52006601,,"D_PER_1000_B: Deaths per 1,000 live births",A: Normal value,,59.98157989,135.0773536,,,,UN_IGME,,,,,,_T: Total
UNICEF:GLOBAL_DATAFLOW(1.0): Cross-sector indicators,LBR: Liberia,Liberia,CME_MRY0T4: Under-five mortality rate,_T: Total,2020,78.280,78.2796846,,"D_PER_1000_B: Deaths per 1,000 live births",A: Normal value,,59.78038626,103.9133119,,,,UN_IGME,,,,,,_T: Total
UNICEF:GLOBAL_DATAFLOW(1.0): Cross-sector indicators,LBY: Libya,Libya,CME_MRY0T4: Under-five mortality rate,_T: Total,2020,11.133,11.13262592,,"D_PER_1000_B: Deaths per 1,000 live births",A: Normal value,,6.521239641,18.84827215,,,,UN_IGME,,,,,,_T: Total
UNICEF:GLOBAL_DATAFLOW(1.0): Cross-sector indicators,LTU: Lithuania,Lithuania,CME_MRY0T4: Under-five mortality rate,_T: Total,2020,3.275,3.275498722,,"D_PER_1000_B: Deaths per 1,000 live births",A: Normal value,,2.827160087,3.786816125,,,,UN_IGME,,,,,,_T: Total
UNICEF:GLOBAL_DATAFLOW(1.0): Cross-sector indicators,LUX: Luxembourg,Luxembourg,CME_MRY0T4: Under-five mortality rate,_T: Total,2020,2.783,2.782762828,,"D_PER_1000_B: Deaths per 1,000 live births",A: Normal value,,2.19073232,3.532621176,,,,UN_IGME,,,,,,_T: Total
UNICEF:GLOBAL_DATAFLOW(1.0): Cross-sector indicators,MDG: Madagascar,Madagascar,CME_MRY0T4: Under-five mortality rate,_T: Total,2020,50.238,50.23834724,,"D_PER_1000_B: Deaths per 1,000 live births",A: Normal value,,38.86242876,65.1760638,,,,UN_IGME,,,,,,_T: Total
UNICEF:GLOBAL_DATAFLOW(1.0): Cross-sector indicators,MWI: Malawi,Malawi,CME_MRY0T4: Under-five mortality rate,_T: Total,2020,38.579,38.57946446,,"D_PER_1000_B: Deaths per 1,000 live births",A: Normal value,,23.86569958,60.16729546,,,,UN_IGME,,,,,,_T: Total
UNICEF:GLOBAL_DATAFLOW(1.0): Cross-sector indicators,MYS: Malaysia,Malaysia,CME_MRY0T4: Under-five mortality rate,_T: Total,2020,8.625,8.624932434,,"D_PER_1000_B: Deaths per 1,000 live births",A: Normal value,,7.957687465,9.345785913,,,,UN_IGME,,,,,,_T: Total
UNICEF:GLOBAL_DATAFLOW(1.0): Cross-sector indicators,MDV: Maldives,Maldives,CME_MRY0T4: Under-five mortality rate,_T: Total,2020,6.462,6.461994875,,"D_PER_1000_B: Deaths per 1,000 live births",A: Normal value,,5.614224353,7.47684948,,,,UN_IGME,,,,,,_T: Total
UNICEF:GLOBAL_DATAFLOW(1.0): Cross-sector indicators,MLI: Mali,Mali,CME_MRY0T4: Under-five mortality rate,_T: Total,2020,90.990,90.99040594,,"D_PER_1000_B: Deaths per 1,000 live births",A: Normal value,,70.44255144,116.5765789,,,,UN_IGME,,,,,,_T: Total
UNICEF:GLOBAL_DATAFLOW(1.0): Cross-sector indicators,MLT: Malta,Malta,CME_MRY0T4: Under-five mortality rate,_T: Total,2020,6.458,6.457929499,,"D_PER_1000_B: Deaths per 1,000 live births",A: Normal value,,5.437717558,7.668682201,,,,UN_IGME,,,,,,_T: Total
UNICEF:GLOBAL_DATAFLOW(1.0): Cross-sector indicators,MHL: Marshall Islands,Marshall Islands,CME_MRY0T4: Under-five mortality rate,_T: Total,2020,30.667,30.66743372,,"D_PER_1000_B: Deaths per 1,000 live births",A: Normal value,,18.58224007,50.34169216,,,,UN_IGME,,,,,,_T: Total
UNICEF:GLOBAL_DATAFLOW(1.0): Cross-sector indicators,MRT: Mauritania,Mauritania,CME_MRY0T4: Under-five mortality rate,_T: Total,2020,70.710,70.7103576,,"D_PER_1000_B: Deaths per 1,000 live births",A: Normal value,,33.85851226,144.0246837,,,,UN_IGME,,,,,,_T: Total
UNICEF:GLOBAL_DATAFLOW(1.0): Cross-sector indicators,MUS: Mauritius,Mauritius,CME_MRY0T4: Under-five mortality rate,_T: Total,2020,16.517,16.51738512,,"D_PER_1000_B: Deaths per 1,000 live births",A: Normal value,,13.44550836,20.22833469,,,,UN_IGME,,,,,,_T: Total
UNICEF:GLOBAL_DATAFLOW(1.0): Cross-sector indicators,MEX: Mexico,Mexico,CME_MRY0T4: Under-five mortality rate,_T: Total,2020,13.675,13.6745963,,"D_PER_1000_B: Deaths per 1,000 live births",A: Normal value,,12.05181769,15.50987074,,,,UN_IGME,,,,,,_T: Total
UNICEF:GLOBAL_DATAFLOW(1.0): Cross-sector indicators,FSM: Micronesia (Federated States of),Micronesia (Federated States of),CME_MRY0T4: Under-five mortality rate,_T: Total,2020,24.654,24.65429395,,"D_PER_1000_B: Deaths per 1,000 live births",A: Normal value,,11.05115381,54.22504182,,,,UN_IGME,,,,,,_T: Total
UNICEF:GLOBAL_DATAFLOW(1.0): Cross-sector indicators,MCO: Monaco,Monaco,CME_MRY0T4: Under-five mortality rate,_T: Total,2020,3.021,3.021014858,,"D_PER_1000_B: Deaths per 1,000 live births",A: Normal value,,1.979924985,4.612798753,,,,UN_IGME,,,,,,_T: Total
UNICEF:GLOBAL_DATAFLOW(1.0): Cross-sector indicators,MNG: Mongolia,Mongolia,CME_MRY0T4: Under-five mortality rate,_T: Total,2020,15.365,15.36534828,,"D_PER_1000_B: Deaths per 1,000 live births",A: Normal value,,14.54041508,16.2114525,,,,UN_IGME,,,,,,_T: Total
UNICEF:GLOBAL_DATAFLOW(1.0): Cross-sector indicators,MNE: Montenegro,Montenegro,CME_MRY0T4: Under-five mortality rate,_T: Total,2020,2.388,2.387922366,,"D_PER_1000_B: Deaths per 1,000 live births",A: Normal value,,1.966189805,2.890140876,,,,UN_IGME,,,,,,_T: Total
UNICEF:GLOBAL_DATAFLOW(1.0): Cross-sector indicators,MAR: Morocco,Morocco,CME_MRY0T4: Under-five mortality rate,_T: Total,2020,18.687,18.68682065,,"D_PER_1000_B: Deaths per 1,000 live births",A: Normal value,,13.25895645,25.44648499,,,,UN_IGME,,,,,,_T: Total
UNICEF:GLOBAL_DATAFLOW(1.0): Cross-sector indicators,MOZ: Mozambique,Mozambique,CME_MRY0T4: Under-five mortality rate,_T: Total,2020,70.552,70.55193707,,"D_PER_1000_B: Deaths per 1,000 live births",A: Normal value,,47.81061111,107.0786164,,,,UN_IGME,,,,,,_T: Total
UNICEF:GLOBAL_DATAFLOW(1.0): Cross-sector indicators,MMR: Myanmar,Myanmar,CME_MRY0T4: Under-five mortality rate,_T: Total,2020,43.653,43.65279497,,"D_PER_1000_B: Deaths per 1,000 live births",A: Normal value,,28.54941501,63.52514731,,,,UN_IGME,,,,,,_T: Total
UNICEF:GLOBAL_DATAFLOW(1.0): Cross-sector indicators,NAM: Namibia,Namibia,CME_MRY0T4: Under-five mortality rate,_T: Total,2020,40.161,40.16112771,,"D_PER_1000_B: Deaths per 1,000 live births",A: Normal value,,22.22990397,78.15716457,,,,UN_IGME,,,,,,_T: Total
UNICEF:GLOBAL_DATAFLOW(1.0): Cross-sector indicators,NRU: Nauru,Nauru,CME_MRY0T4: Under-five mortality rate,_T: Total,2020,28.491,28.49088506,,"D_PER_1000_B: Deaths per 1,000 live births",A: Normal value,,14.84673703,52.68635445,,,,UN_IGME,,,,,,_T: Total
UNICEF:GLOBAL_DATAFLOW(1.0): Cross-sector indicators,NPL: Nepal,Nepal,CME_MRY0T4: Under-five mortality rate,_T: Total,2020,28.159,28.15919763,,"D_PER_1000_B: Deaths per 1,000 live births",A: Normal value,,22.53719614,35.43681143,,,,UN_IGME,,,,,,_T: Total
UNICEF:GLOBAL_DATAFLOW(1.0): Cross-sector indicators,NLD: Netherlands,Netherlands,CME_MRY0T4: Under-five mortality rate,_T: Total,2020,4.160,4.160180992,,"D_PER_1000_B: Deaths per 1,000 live births",A: Normal value,,3.986792894,4.351096619,,,,UN_IGME,,,,,,_T: Total
UNICEF:GLOBAL_DATAFLOW(1.0): Cross-sector indicators,NZL: New Zealand,New Zealand,CME_MRY0T4: Under-five mortality rate,_T: Total,2020,4.720,4.71968717,,"D_PER_1000_B: Deaths per 1,000 live births",A: Normal value,,3.924321601,5.589759192,,,,UN_IGME,,,,,,_T: Total
UNICEF:GLOBAL_DATAFLOW(1.0): Cross-sector indicators,NIC: Nicaragua,Nicaragua,CME_MRY0T4: Under-five mortality rate,_T: Total,2020,16.038,16.03775227,,"D_PER_1000_B: Deaths per 1,000 live births",A: Normal value,,13.54646565,19.32893981,,,,UN_IGME,,,,,,_T: Total
UNICEF:GLOBAL_DATAFLOW(1.0): Cross-sector indicators,NER: Niger,Niger,CME_MRY0T4: Under-five mortality rate,_T: Total,2020,77.517,77.51682678,,"D_PER_1000_B: Deaths per 1,000 live births",A: Normal value,,46.89649349,127.8693834,,,,UN_IGME,,,,,,_T: Total
UNICEF:GLOBAL_DATAFLOW(1.0): Cross-sector indicators,NGA: Nigeria,Nigeria,CME_MRY0T4: Under-five mortality rate,_T: Total,2020,113.773,113.7730781,,"D_PER_1000_B: Deaths per 1,000 live births",A: Normal value,,86.83429544,153.4762314,,,,UN_IGME,,,,,,_T: Total
UNICEF:GLOBAL_DATAFLOW(1.0): Cross-sector indicators,NIU: Niue,Niue,CME_MRY0T4: Under-five mortality rate,_T: Total,2020,24.798,24.79807623,,"D_PER_1000_B: Deaths per 1,000 live births",A: Normal value,,10.55629444,56.78907604,,,,UN_IGME,,,,,,_T: Total
UNICEF:GLOBAL_DATAFLOW(1.0): Cross-sector indicators,MKD: North Macedonia,North Macedonia,CME_MRY0T4: Under-five mortality rate,_T: Total,2020,5.932,5.93232972,,"D_PER_1000_B: Deaths per 1,000 live births",A: Normal value,,5.244804331,6.719178437,,,,UN_IGME,,,,,,_T: Total
UNICEF:GLOBAL_DATAFLOW(1.0): Cross-sector indicators,NOR: Norway,Norway,CME_MRY0T4: Under-five mortality rate,_T: Total,2020,2.199,2.199191593,,"D_PER_1000_B: Deaths per 1,000 live births",A: Normal value,,1.985436256,2.445988669,,,,UN_IGME,,,,,,_T: Total
UNICEF:GLOBAL_DATAFLOW(1.0): Cross-sector indicators,OMN: Oman,Oman,CME_MRY0T4: Under-five mortality rate,_T: Total,2020,11.006,11.00609768,,"D_PER_1000_B: Deaths per 1,000 live births",A: Normal value,,9.782122352,12.41538837,,,,UN_IGME,,,,,,_T: Total
UNICEF:GLOBAL_DATAFLOW(1.0): Cross-sector indicators,PAK: Pakistan,Pakistan,CME_MRY0T4: Under-five mortality rate,_T: Total,2020,65.183,65.18279401,,"D_PER_1000_B: Deaths per 1,000 live births",A: Normal value,,53.61856867,78.53145102,,,,UN_IGME,,,,,,_T: Total
UNICEF:GLOBAL_DATAFLOW(1.0): Cross-sector indicators,PLW: Palau,Palau,CME_MRY0T4: Under-five mortality rate,_T: Total,2020,16.852,16.8516191,,"D_PER_1000_B: Deaths per 1,000 live births",A: Normal value,,8.169789432,35.81931469,,,,UN_IGME,,,,,,_T: Total
UNICEF:GLOBAL_DATAFLOW(1.0): Cross-sector indicators,PAN: Panama,Panama,CME_MRY0T4: Under-five mortality rate,_T: Total,2020,14.339,14.33881144,,"D_PER_1000_B: Deaths per 1,000 live births",A: Normal value,,7.462407153,27.5235737,,,,UN_IGME,,,,,,_T: Total
UNICEF:GLOBAL_DATAFLOW(1.0): Cross-sector indicators,PNG: Papua New Guinea,Papua New Guinea,CME_MRY0T4: Under-five mortality rate,_T: Total,2020,43.926,43.92609013,,"D_PER_1000_B: Deaths per 1,000 live births",A: Normal value,,30.53403611,63.07607222,,,,UN_IGME,,,,,,_T: Total
UNICEF:GLOBAL_DATAFLOW(1.0): Cross-sector indicators,PRY: Paraguay,Paraguay,CME_MRY0T4: Under-five mortality rate,_T: Total,2020,18.896,18.89642549,,"D_PER_1000_B: Deaths per 1,000 live births",A: Normal value,,9.512814171,38.32500838,,,,UN_IGME,,,,,,_T: Total
UNICEF:GLOBAL_DATAFLOW(1.0): Cross-sector indicators,PER: Peru,Peru,CME_MRY0T4: Under-five mortality rate,_T: Total,2020,12.824,12.82404298,,"D_PER_1000_B: Deaths per 1,000 live births",A: Normal value,,10.27734075,16.15882936,,,,UN_IGME,,,,,,_T: Total
UNICEF:GLOBAL_DATAFLOW(1.0): Cross-sector indicators,PHL: Philippines,Philippines,CME_MRY0T4: Under-five mortality rate,_T: Total,2020,26.366,26.36588671,,"D_PER_1000_B: Deaths per 1,000 live births",A: Normal value,,19.19059328,36.22694413,,,,UN_IGME,,,,,,_T: Total
UNICEF:GLOBAL_DATAFLOW(1.0): Cross-sector indicators,POL: Poland,Poland,CME_MRY0T4: Under-five mortality rate,_T: Total,2020,4.363,4.362622412,,"D_PER_1000_B: Deaths per 1,000 live births",A: Normal value,,4.097566182,4.648043919,,,,UN_IGME,,,,,,_T: Total
UNICEF:GLOBAL_DATAFLOW(1.0): Cross-sector indicators,PRT: Portugal,Portugal,CME_MRY0T4: Under-five mortality rate,_T: Total,2020,3.304,3.303932143,,"D_PER_1000_B: Deaths per 1,000 live births",A: Normal value,,3.05453552,3.556139501,,,,UN_IGME,,,,,,_T: Total
UNICEF:GLOBAL_DATAFLOW(1.0): Cross-sector indicators,QAT: Qatar,Qatar,CME_MRY0T4: Under-five mortality rate,_T: Total,2020,5.763,5.762584167,,"D_PER_1000_B: Deaths per 1,000 live births",A: Normal value,,5.172396789,6.435234942,,,,UN_IGME,,,,,,_T: Total
UNICEF:GLOBAL_DATAFLOW(1.0): Cross-sector indicators,KOR: Republic of Korea,Republic of Korea,CME_MRY0T4: Under-five mortality rate,_T: Total,2020,3.033,3.033108326,,"D_PER_1000_B: Deaths per 1,000 live births",A: Normal value,,2.908383339,3.158573542,,,,UN_IGME,,,,,,_T: Total
UNICEF:GLOBAL_DATAFLOW(1.0): Cross-sector indicators,MDA: Republic of Moldova,Republic of Moldova,CME_MRY0T4: Under-five mortality rate,_T: Total,2020,14.475,14.47453054,,"D_PER_1000_B: Deaths per 1,000 live births",A: Normal value,,10.85995215,19.47265002,,,,UN_IGME,,,,,,_T: Total
UNICEF:GLOBAL_DATAFLOW(1.0): Cross-sector indicators,ROU: Romania,Romania,CME_MRY0T4: Under-five mortality rate,_T: Total,2020,6.882,6.882170606,,"D_PER_1000_B: Deaths per 1,000 live births",A: Normal value,,6.58950862,7.188167983,,,,UN_IGME,,,,,,_T: Total
UNICEF:GLOBAL_DATAFLOW(1.0): Cross-sector indicators,RUS: Russian Federation,Russian Federation,CME_MRY0T4: Under-five mortality rate,_T: Total,2020,5.415,5.414852323,,"D_PER_1000_B: Deaths per 1,000 live births",A: Normal value,,5.244261923,5.589234013,,The mortality rates used as underlying data and shown as ??VR submitted to WHO/UNIGME 2020 version (VR)? are calculated by UN IGME using standard methods with data from Rosstat.,,UN_IGME,,,,,,_T: Total
UNICEF:GLOBAL_DATAFLOW(1.0): Cross-sector indicators,RWA: Rwanda,Rwanda,CME_MRY0T4: Under-five mortality rate,_T: Total,2020,40.470,40.47040105,,"D_PER_1000_B: Deaths per 1,000 live births",A: Normal value,,26.1178563,63.20238787,,,,UN_IGME,,,,,,_T: Total
UNICEF:GLOBAL_DATAFLOW(1.0): Cross-sector indicators,KNA: Saint Kitts and Nevis,Saint Kitts and Nevis,CME_MRY0T4: Under-five mortality rate,_T: Total,2020,14.991,14.99111903,,"D_PER_1000_B: Deaths per 1,000 live births",A: Normal value,,10.21523742,22.01749572,,,,UN_IGME,,,,,,_T: Total
UNICEF:GLOBAL_DATAFLOW(1.0): Cross-sector indicators,LCA: Saint Lucia,Saint Lucia,CME_MRY0T4: Under-five mortality rate,_T: Total,2020,24.405,24.4047259,,"D_PER_1000_B: Deaths per 1,000 live births",A: Normal value,,21.17476962,28.0850584,,,,UN_IGME,,,,,,_T: Total
UNICEF:GLOBAL_DATAFLOW(1.0): Cross-sector indicators,VCT: Saint Vincent and the Grenadines,Saint Vincent and the Grenadines,CME_MRY0T4: Under-five mortality rate,_T: Total,2020,14.118,14.11819204,,"D_PER_1000_B: Deaths per 1,000 live births",A: Normal value,,10.71878795,18.69167737,,,,UN_IGME,,,,,,_T: Total
UNICEF:GLOBAL_DATAFLOW(1.0): Cross-sector indicators,WSM: Samoa,Samoa,CME_MRY0T4: Under-five mortality rate,_T: Total,2020,17.007,17.00711251,,"D_PER_1000_B: Deaths per 1,000 live births",A: Normal value,,12.20035698,23.948442,,,,UN_IGME,,,,,,_T: Total
UNICEF:GLOBAL_DATAFLOW(1.0): Cross-sector indicators,SMR: San Marino,San Marino,CME_MRY0T4: Under-five mortality rate,_T: Total,2020,1.759,1.759228173,,"D_PER_1000_B: Deaths per 1,000 live births",A: Normal value,,0.876470973,3.551169095,,,,UN_IGME,,,,,,_T: Total
UNICEF:GLOBAL_DATAFLOW(1.0): Cross-sector indicators,STP: Sao Tome and Principe,Sao Tome and Principe,CME_MRY0T4: Under-five mortality rate,_T: Total,2020,16.142,16.14188266,,"D_PER_1000_B: Deaths per 1,000 live births",A: Normal value,,9.46430008,27.6040624,,,,UN_IGME,,,,,,_T: Total
UNICEF:GLOBAL_DATAFLOW(1.0): Cross-sector indicators,SAU: Saudi Arabia,Saudi Arabia,CME_MRY0T4: Under-five mortality rate,_T: Total,2020,7.009,7.009063445,,"D_PER_1000_B: Deaths per 1,000 live births",A: Normal value,,5.38873432,9.272651774,,,,UN_IGME,,,,,,_T: Total
UNICEF:GLOBAL_DATAFLOW(1.0): Cross-sector indicators,SEN: Senegal,Senegal,CME_MRY0T4: Under-five mortality rate,_T: Total,2020,38.084,38.08376384,,"D_PER_1000_B: Deaths per 1,000 live births",A: Normal value,,29.43880837,49.68957305,,,,UN_IGME,,,,,,_T: Total
UNICEF:GLOBAL_DATAFLOW(1.0): Cross-sector indicators,SRB: Serbia,Serbia,CME_MRY0T4: Under-five mortality rate,_T: Total,2020,5.632,5.632130677,,"D_PER_1000_B: Deaths per 1,000 live births",A: Normal value,,5.244759459,6.0633776,,,,UN_IGME,,,,,,_T: Total
UNICEF:GLOBAL_DATAFLOW(1.0): Cross-sector indicators,SYC: Seychelles,Seychelles,CME_MRY0T4: Under-five mortality rate,_T: Total,2020,13.941,13.94121496,,"D_PER_1000_B: Deaths per 1,000 live births",A: Normal value,,10.18151386,19.13230948,,,,UN_IGME,,,,,,_T: Total
UNICEF:GLOBAL_DATAFLOW(1.0): Cross-sector indicators,SLE: Sierra Leone,Sierra Leone,CME_MRY0T4: Under-five mortality rate,_T: Total,2020,107.831,107.8309446,,"D_PER_1000_B: Deaths per 1,000 live births",A: Normal value,,90.48055009,128.5386672,,,,UN_IGME,,,,,,_T: Total
UNICEF:GLOBAL_DATAFLOW(1.0): Cross-sector indicators,SGP: Singapore,Singapore,CME_MRY0T4: Under-five mortality rate,_T: Total,2020,2.236,2.236031854,,"D_PER_1000_B: Deaths per 1,000 live births",A: Normal value,,1.951559353,2.546600122,,,,UN_IGME,,,,,,_T: Total
UNICEF:GLOBAL_DATAFLOW(1.0): Cross-sector indicators,SVK: Slovakia,Slovakia,CME_MRY0T4: Under-five mortality rate,_T: Total,2020,5.755,5.754507764,,"D_PER_1000_B: Deaths per 1,000 live births",A: Normal value,,5.451869674,6.102438671,,,,UN_IGME,,,,,,_T: Total
UNICEF:GLOBAL_DATAFLOW(1.0): Cross-sector indicators,SVN: Slovenia,Slovenia,CME_MRY0T4: Under-five mortality rate,_T: Total,2020,2.178,2.177781158,,"D_PER_1000_B: Deaths per 1,000 live births",A: Normal value,,1.917038171,2.526384706,,,,UN_IGME,,,,,,_T: Total
UNICEF:GLOBAL_DATAFLOW(1.0): Cross-sector indicators,SLB: Solomon Islands,Solomon Islands,CME_MRY0T4: Under-five mortality rate,_T: Total,2020,19.376,19.37619798,,"D_PER_1000_B: Deaths per 1,000 live births",A: Normal value,,12.19953718,30.14862411,,,,UN_IGME,,,,,,_T: Total
UNICEF:GLOBAL_DATAFLOW(1.0): Cross-sector indicators,SOM: Somalia,Somalia,CME_MRY0T4: Under-five mortality rate,_T: Total,2020,114.618,114.6182063,,"D_PER_1000_B: Deaths per 1,000 live births",A: Normal value,,54.99469093,247.7850651,,,,UN_IGME,,,,,,_T: Total
UNICEF:GLOBAL_DATAFLOW(1.0): Cross-sector indicators,ZAF: South Africa,South Africa,CME_MRY0T4: Under-five mortality rate,_T: Total,2020,32.222,32.2215821,,"D_PER_1000_B: Deaths per 1,000 live births",A: Normal value,,29.33920147,35.31707824,,,,UN_IGME,,,,,,_T: Total
UNICEF:GLOBAL_DATAFLOW(1.0): Cross-sector indicators,SSD: South Sudan,South Sudan,CME_MRY0T4: Under-five mortality rate,_T: Total,2020,97.857,97.85732762,,"D_PER_1000_B: Deaths per 1,000 live births",A: Normal value,,34.24869229,215.985378,,,,UN_IGME,,,,,,_T: Total
UNICEF:GLOBAL_DATAFLOW(1.0): Cross-sector indicators,ESP: Spain,Spain,CME_MRY0T4: Under-five mortality rate,_T: Total,2020,3.246,3.246144747,,"D_PER_1000_B: Deaths per 1,000 live births",A: Normal value,,3.079401324,3.42983536,,,,UN_IGME,,,,,,_T: Total
UNICEF:GLOBAL_DATAFLOW(1.0): Cross-sector indicators,LKA: Sri Lanka,Sri Lanka,CME_MRY0T4: Under-five mortality rate,_T: Total,2020,6.928,6.9281493,,"D_PER_1000_B: Deaths per 1,000 live births",A: Normal value,,5.38065429,8.886621572,,,,UN_IGME,,,,,,_T: Total
UNICEF:GLOBAL_DATAFLOW(1.0): Cross-sector indicators,PSE: State of Palestine,State of Palestine,CME_MRY0T4: Under-five mortality rate,_T: Total,2020,16.511,16.51083228,,"D_PER_1000_B: Deaths per 1,000 live births",A: Normal value,,12.47709406,22.54870253,,,,UN_IGME,,,,,,_T: Total
UNICEF:GLOBAL_DATAFLOW(1.0): Cross-sector indicators,SDN: Sudan,Sudan,CME_MRY0T4: Under-five mortality rate,_T: Total,2020,56.576,56.5763061,,"D_PER_1000_B: Deaths per 1,000 live births",A: Normal value,,39.68218992,79.7438847,,,,UN_IGME,,,,,,_T: Total
UNICEF:GLOBAL_DATAFLOW(1.0): Cross-sector indicators,SUR: Suriname,Suriname,CME_MRY0T4: Under-five mortality rate,_T: Total,2020,17.570,17.57040205,,"D_PER_1000_B: Deaths per 1,000 live births",A: Normal value,,11.54442797,28.01893428,,,,UN_IGME,,,,,,_T: Total
UNICEF:GLOBAL_DATAFLOW(1.0): Cross-sector indicators,SWE: Sweden,Sweden,CME_MRY0T4: Under-five mortality rate,_T: Total,2020,2.637,2.637261951,,"D_PER_1000_B: Deaths per 1,000 live births",A: Normal value,,2.464932627,2.824443065,,,,UN_IGME,,,,,,_T: Total
UNICEF:GLOBAL_DATAFLOW(1.0): Cross-sector indicators,CHE: Switzerland,Switzerland,CME_MRY0T4: Under-five mortality rate,_T: Total,2020,3.999,3.998897431,,"D_PER_1000_B: Deaths per 1,000 live births",A: Normal value,,3.76597631,4.256943943,,,,UN_IGME,,,,,,_T: Total
UNICEF:GLOBAL_DATAFLOW(1.0): Cross-sector indicators,SYR: Syrian Arab Republic,Syrian Arab Republic,CME_MRY0T4: Under-five mortality rate,_T: Total,2020,22.402,22.40183525,,"D_PER_1000_B: Deaths per 1,000 live births",A: Normal value,,11.55650369,30.25267897,,,,UN_IGME,,,,,,_T: Total
UNICEF:GLOBAL_DATAFLOW(1.0): Cross-sector indicators,TJK: Tajikistan,Tajikistan,CME_MRY0T4: Under-five mortality rate,_T: Total,2020,32.279,32.2790162,,"D_PER_1000_B: Deaths per 1,000 live births",A: Normal value,,19.92678645,53.89246806,,,,UN_IGME,,,,,,_T: Total
UNICEF:GLOBAL_DATAFLOW(1.0): Cross-sector indicators,THA: Thailand,Thailand,CME_MRY0T4: Under-five mortality rate,_T: Total,2020,8.650,8.6502528,,"D_PER_1000_B: Deaths per 1,000 live births",A: Normal value,,7.383834792,11.05345934,,,,UN_IGME,,,,,,_T: Total
UNICEF:GLOBAL_DATAFLOW(1.0): Cross-sector indicators,TUR: The Republic of Turkey,The Republic of Turkey,CME_MRY0T4: Under-five mortality rate,_T: Total,2020,9.486,9.486371072,,"D_PER_1000_B: Deaths per 1,000 live births",A: Normal value,,8.273503913,11.01946582,,,,UN_IGME,,,,,,_T: Total
UNICEF:GLOBAL_DATAFLOW(1.0): Cross-sector indicators,TLS: Timor-Leste,Timor-Leste,CME_MRY0T4: Under-five mortality rate,_T: Total,2020,42.272,42.27212426,,"D_PER_1000_B: Deaths per 1,000 live births",A: Normal value,,24.00753387,75.78969254,,,,UN_IGME,,,,,,_T: Total
UNICEF:GLOBAL_DATAFLOW(1.0): Cross-sector indicators,TGO: Togo,Togo,CME_MRY0T4: Under-five mortality rate,_T: Total,2020,64.383,64.38308306,,"D_PER_1000_B: Deaths per 1,000 live births",A: Normal value,,50.69743082,82.89343099,,,,UN_IGME,,,,,,_T: Total
UNICEF:GLOBAL_DATAFLOW(1.0): Cross-sector indicators,TON: Tonga,Tonga,CME_MRY0T4: Under-five mortality rate,_T: Total,2020,11.411,11.41130485,,"D_PER_1000_B: Deaths per 1,000 live births",A: Normal value,,6.329290135,19.17052101,,,,UN_IGME,,,,,,_T: Total
UNICEF:GLOBAL_DATAFLOW(1.0): Cross-sector indicators,TTO: Trinidad and Tobago,Trinidad and Tobago,CME_MRY0T4: Under-five mortality rate,_T: Total,2020,16.596,16.59615835,,"D_PER_1000_B: Deaths per 1,000 live births",A: Normal value,,6.98657519,41.09806333,,,,UN_IGME,,,,,,_T: Total
UNICEF:GLOBAL_DATAFLOW(1.0): Cross-sector indicators,TUN: Tunisia,Tunisia,CME_MRY0T4: Under-five mortality rate,_T: Total,2020,16.618,16.61767731,,"D_PER_1000_B: Deaths per 1,000 live births",A: Normal value,,14.68645955,18.78921707,,,,UN_IGME,,,,,,_T: Total
UNICEF:GLOBAL_DATAFLOW(1.0): Cross-sector indicators,TKM: Turkmenistan,Turkmenistan,CME_MRY0T4: Under-five mortality rate,_T: Total,2020,41.758,41.75798941,,"D_PER_1000_B: Deaths per 1,000 live births",A: Normal value,,28.06945344,61.28709068,,,,UN_IGME,,,,,,_T: Total
UNICEF:GLOBAL_DATAFLOW(1.0): Cross-sector indicators,TUV: Tuvalu,Tuvalu,CME_MRY0T4: Under-five mortality rate,_T: Total,2020,22.005,22.00486563,,"D_PER_1000_B: Deaths per 1,000 live births",A: Normal value,,12.75758588,36.87047524,,,,UN_IGME,,,,,,_T: Total
UNICEF:GLOBAL_DATAFLOW(1.0): Cross-sector indicators,UGA: Uganda,Uganda,CME_MRY0T4: Under-five mortality rate,_T: Total,2020,43.316,43.31629282,,"D_PER_1000_B: Deaths per 1,000 live births",A: Normal value,,31.51764949,60.15689563,,,,UN_IGME,,,,,,_T: Total
UNICEF:GLOBAL_DATAFLOW(1.0): Cross-sector indicators,UKR: Ukraine,Ukraine,CME_MRY0T4: Under-five mortality rate,_T: Total,2020,8.114,8.113907773,,"D_PER_1000_B: Deaths per 1,000 live births",A: Normal value,,7.708111087,8.551672039,,,,UN_IGME,,,,,,_T: Total
UNICEF:GLOBAL_DATAFLOW(1.0): Cross-sector indicators,ARE: United Arab Emirates,United Arab Emirates,CME_MRY0T4: Under-five mortality rate,_T: Total,2020,6.573,6.573128943,,"D_PER_1000_B: Deaths per 1,000 live births",A: Normal value,,5.795087383,7.487725606,,,,UN_IGME,,,,,,_T: Total
UNICEF:GLOBAL_DATAFLOW(1.0): Cross-sector indicators,GBR: United Kingdom,United Kingdom,CME_MRY0T4: Under-five mortality rate,_T: Total,2020,4.209,4.209138988,,"D_PER_1000_B: Deaths per 1,000 live births",A: Normal value,,3.881385074,4.564130889,,,,UN_IGME,,,,,,_T: Total
UNICEF:GLOBAL_DATAFLOW(1.0): Cross-sector indicators,TZA: United Republic of Tanzania,United Republic of Tanzania,CME_MRY0T4: Under-five mortality rate,_T: Total,2020,48.867,48.86703672,,"D_PER_1000_B: Deaths per 1,000 live births",A: Normal value,,34.91227316,69.19871484,,,,UN_IGME,,,,,,_T: Total
UNICEF:GLOBAL_DATAFLOW(1.0): Cross-sector indicators,USA: United States,United States,CME_MRY0T4: Under-five mortality rate,_T: Total,2020,6.345,6.345011067,,"D_PER_1000_B: Deaths per 1,000 live births",A: Normal value,,6.085964865,6.601599315,,,,UN_IGME,,,,,,_T: Total
UNICEF:GLOBAL_DATAFLOW(1.0): Cross-sector indicators,URY: Uruguay,Uruguay,CME_MRY0T4: Under-five mortality rate,_T: Total,2020,6.186,6.185570613,,"D_PER_1000_B: Deaths per 1,000 live births",A: Normal value,,5.756963814,6.632644353,,,,UN_IGME,,,,,,_T: Total
UNICEF:GLOBAL_DATAFLOW(1.0): Cross-sector indicators,UZB: Uzbekistan,Uzbekistan,CME_MRY0T4: Under-five mortality rate,_T: Total,2020,13.948,13.94773336,,"D_PER_1000_B: Deaths per 1,000 live births",A: Normal value,,12.4637394,15.99728222,,"The most recent national official estimates of neonatal, infant and under-five mortality rates in Uzbekistan are from the vital registration system with a rate of 6, 9 and 12 deaths per 1,000 live births, respectively, in the year 2020.",,UN_IGME,,,,,,_T: Total
UNICEF:GLOBAL_DATAFLOW(1.0): Cross-sector indicators,VUT: Vanuatu,Vanuatu,CME_MRY0T4: Under-five mortality rate,_T: Total,2020,24.925,24.9252968,,"D_PER_1000_B: Deaths per 1,000 live births",A: Normal value,,14.21203372,43.01156186,,,,UN_IGME,,,,,,_T: Total
UNICEF:GLOBAL_DATAFLOW(1.0): Cross-sector indicators,VEN: Venezuela (Bolivarian Republic of),Venezuela (Bolivarian Republic of),CME_MRY0T4: Under-five mortality rate,_T: Total,2020,24.220,24.2202694,,"D_PER_1000_B: Deaths per 1,000 live births",A: Normal value,,18.86239952,31.09727973,,,,UN_IGME,,,,,,_T: Total
UNICEF:GLOBAL_DATAFLOW(1.0): Cross-sector indicators,VNM: Viet Nam,Viet Nam,CME_MRY0T4: Under-five mortality rate,_T: Total,2020,20.936,20.93585367,,"D_PER_1000_B: Deaths per 1,000 live births",A: Normal value,,18.44142799,23.77848891,,,,UN_IGME,,,,,,_T: Total
UNICEF:GLOBAL_DATAFLOW(1.0): Cross-sector indicators,YEM: Yemen,Yemen,CME_MRY0T4: Under-five mortality rate,_T: Total,2020,59.581,59.58059835,,"D_PER_1000_B: Deaths per 1,000 live births",A: Normal value,,28.91465564,115.3803654,,,,UN_IGME,,,,,,_T: Total
UNICEF:GLOBAL_DATAFLOW(1.0): Cross-sector indicators,ZMB: Zambia,Zambia,CME_MRY0T4: Under-five mortality rate,_T: Total,2020,61.378,61.37835207,,"D_PER_1000_B: Deaths per 1,000 live births",A: Normal value,,45.87946857,83.34056257,,"The most recent national official estimates of neonatal, infant and under-five mortality rates in Zambia are from the 2018 Zambia Demographic and Health Survey (2018 ZDHS) with a rate of 27, 42 and 61 deaths per 1,000 live births, respectively, in the 5-year period before the survey.",,UN_IGME,,,,,,_T: Total
UNICEF:GLOBAL_DATAFLOW(1.0): Cross-sector indicators,ZWE: Zimbabwe,Zimbabwe,CME_MRY0T4: Under-five mortality rate,_T: Total,2020,53.888,53.88818776,,"D_PER_1000_B: Deaths per 1,000 live births",A: Normal value,,38.95898434,75.31417668,,,,UN_IGME,,,,,,_T: Total
